<?xml version="1.0" encoding="UTF-8"?>
<!DOCTYPE mapper PUBLIC "-//mybatis.org//DTD Mapper 3.0//EN" "http://mybatis.org/dtd/mybatis-3-mapper.dtd">

<mapper namespace="com.citymall.product.dao.SysUserDao">

	<!-- 可根据自己的需求，是否要使用 -->
    <resultMap type="com.citymall.product.entity.SysUserEntity" id="sysUserMap">
        <result property="userId" column="user_id"/>
        <result property="username" column="username"/>
        <result property="password" column="password"/>
        <result property="salt" column="salt"/>
        <result property="email" column="email"/>
        <result property="mobile" column="mobile"/>
        <result property="status" column="status"/>
        <result property="createUserId" column="create_user_id"/>
        <result property="createTime" column="create_time"/>
    </resultMap>


</mapper>