<?xml version="1.0" encoding="UTF-8"?>
<!DOCTYPE mapper PUBLIC "-//mybatis.org//DTD Mapper 3.0//EN" "http://mybatis.org/dtd/mybatis-3-mapper.dtd">

<mapper namespace="com.citymall.product.dao.ScheduleJobDao">

	<!-- 可根据自己的需求，是否要使用 -->
    <resultMap type="com.citymall.product.entity.ScheduleJobEntity" id="scheduleJobMap">
        <result property="jobId" column="job_id"/>
        <result property="beanName" column="bean_name"/>
        <result property="params" column="params"/>
        <result property="cronExpression" column="cron_expression"/>
        <result property="status" column="status"/>
        <result property="remark" column="remark"/>
        <result property="createTime" column="create_time"/>
    </resultMap>


</mapper>